日期,名次,期货公司名称,期货名称,合约代码,持卖单,增减量
20190403,-1,期货公司  ,铜                  ,cuall                         ,270356,4042
20190403,0,非期货公司,铜                  ,cuall                         ,4146,-420
20190403,1,中信期货  ,铜                  ,cu1904                        ,4695,-1105
20190403,2,金瑞期货  ,铜                  ,cu1904                        ,4060,-240
20190403,3,中粮期货  ,铜                  ,cu1904                        ,3460,65
20190403,4,银河期货  ,铜                  ,cu1904                        ,3085,-85
20190403,5,五矿经易  ,铜                  ,cu1904                        ,2800,335
20190403,6,国泰君安  ,铜                  ,cu1904                        ,2605,35
20190403,7,国贸期货  ,铜                  ,cu1904                        ,2405,-305
20190403,8,铜冠金源  ,铜                  ,cu1904                        ,2055,135
20190403,9,建信期货  ,铜                  ,cu1904                        ,1840,-365
20190403,10,迈科期货  ,铜                  ,cu1904                        ,1290,-120
20190403,11,华安期货  ,铜                  ,cu1904                        ,1030,-365
20190403,12,永安期货  ,铜                  ,cu1904                        ,990,0
20190403,13,国投安信  ,铜                  ,cu1904                        ,795,40
20190403,14,海通期货  ,铜                  ,cu1904                        ,705,-140
20190403,15,中银国际  ,铜                  ,cu1904                        ,700,-5
20190403,16,格林大华  ,铜                  ,cu1904                        ,690,-175
20190403,17,华泰期货  ,铜                  ,cu1904                        ,600,-230
20190403,18,大有期货  ,铜                  ,cu1904                        ,535,-10
20190403,19,云晨期货  ,铜                  ,cu1904                        ,515,-140
20190403,20,首创期货  ,铜                  ,cu1904                        ,420,-105
20190403,999,,铜                  ,cu1904                        ,35275,-2780
20190403,1,海通期货  ,铜                  ,cu1905                        ,6413,-159
20190403,2,五矿经易  ,铜                  ,cu1905                        ,6257,174
20190403,3,国泰君安  ,铜                  ,cu1905                        ,5281,43
20190403,4,中信期货  ,铜                  ,cu1905                        ,5271,-108
20190403,5,华泰期货  ,铜                  ,cu1905                        ,4167,550
20190403,6,中银国际  ,铜                  ,cu1905                        ,3690,149
20190403,7,金瑞期货  ,铜                  ,cu1905                        ,3548,89
20190403,8,云晨期货  ,铜                  ,cu1905                        ,3540,-1
20190403,9,鲁证期货  ,铜                  ,cu1905                        ,3335,254
20190403,10,方正中期  ,铜                  ,cu1905                        ,3166,-1222
20190403,11,银河期货  ,铜                  ,cu1905                        ,2391,165
20190403,12,建信期货  ,铜                  ,cu1905                        ,2305,838
20190403,13,东证期货  ,铜                  ,cu1905                        ,2101,-115
20190403,14,迈科期货  ,铜                  ,cu1905                        ,2010,-6
20190403,15,华安期货  ,铜                  ,cu1905                        ,1841,357
20190403,16,兴业期货  ,铜                  ,cu1905                        ,1693,-20
20190403,17,一德期货  ,铜                  ,cu1905                        ,1688,251
20190403,18,国投安信  ,铜                  ,cu1905                        ,1609,313
20190403,19,格林大华  ,铜                  ,cu1905                        ,1560,-23
20190403,20,铜冠金源  ,铜                  ,cu1905                        ,1533,196
20190403,999,,铜                  ,cu1905                        ,63399,1725
20190403,1,中信期货  ,铜                  ,cu1906                        ,8064,336
20190403,2,五矿经易  ,铜                  ,cu1906                        ,4809,-45
20190403,3,国泰君安  ,铜                  ,cu1906                        ,4478,53
20190403,4,金瑞期货  ,铜                  ,cu1906                        ,4324,-301
20190403,5,云晨期货  ,铜                  ,cu1906                        ,3932,4
20190403,6,银河期货  ,铜                  ,cu1906                        ,2919,366
20190403,7,海通期货  ,铜                  ,cu1906                        ,2909,140
20190403,8,永安期货  ,铜                  ,cu1906                        ,2776,387
20190403,9,兴业期货  ,铜                  ,cu1906                        ,2707,-474
20190403,10,铜冠金源  ,铜                  ,cu1906                        ,2514,325
20190403,11,华泰期货  ,铜                  ,cu1906                        ,2047,264
20190403,12,鲁证期货  ,铜                  ,cu1906                        ,1933,630
20190403,13,东证期货  ,铜                  ,cu1906                        ,1626,1112
20190403,14,广发期货  ,铜                  ,cu1906                        ,1561,357
20190403,15,上海中期  ,铜                  ,cu1906                        ,1449,155
20190403,16,方正中期  ,铜                  ,cu1906                        ,1394,-46
20190403,17,东海期货  ,铜                  ,cu1906                        ,1373,-203
20190403,18,国贸期货  ,铜                  ,cu1906                        ,1263,38
20190403,19,华安期货  ,铜                  ,cu1906                        ,1259,309
20190403,20,东方财富  ,铜                  ,cu1906                        ,1138,167
20190403,999,,铜                  ,cu1906                        ,54475,3574
20190403,1,金瑞期货  ,铜                  ,cu1907                        ,4241,214
20190403,2,中信期货  ,铜                  ,cu1907                        ,3707,461
20190403,3,永安期货  ,铜                  ,cu1907                        ,3469,477
20190403,4,五矿经易  ,铜                  ,cu1907                        ,3103,-56
20190403,5,方正中期  ,铜                  ,cu1907                        ,1779,1168
20190403,6,铜冠金源  ,铜                  ,cu1907                        ,1714,117
20190403,7,海通期货  ,铜                  ,cu1907                        ,1485,515
20190403,8,银河期货  ,铜                  ,cu1907                        ,1375,-366
20190403,9,中粮期货  ,铜                  ,cu1907                        ,1159,1
20190403,10,国贸期货  ,铜                  ,cu1907                        ,1065,-2
20190403,11,国泰君安  ,铜                  ,cu1907                        ,1044,10
20190403,12,兴业期货  ,铜                  ,cu1907                        ,989,62
20190403,13,首创期货  ,铜                  ,cu1907                        ,952,1
20190403,14,中金期货  ,铜                  ,cu1907                        ,887,-14
20190403,15,中钢期货  ,铜                  ,cu1907                        ,769,0
20190403,16,天鸿期货  ,铜                  ,cu1907                        ,769,-272
20190403,17,中国国际  ,铜                  ,cu1907                        ,742,6
20190403,18,浙商期货  ,铜                  ,cu1907                        ,720,-83
20190403,19,云晨期货  ,铜                  ,cu1907                        ,718,91
20190403,20,建信期货  ,铜                  ,cu1907                        ,686,175
20190403,999,,铜                  ,cu1907                        ,31373,2505
20190403,-1,期货公司  ,铝                  ,alall                         ,341810,923
20190403,0,非期货公司,铝                  ,alall                         ,175,10
20190403,1,国贸期货  ,铝                  ,al1904                        ,6505,-55
20190403,2,中信期货  ,铝                  ,al1904                        ,4880,-635
20190403,3,中粮期货  ,铝                  ,al1904                        ,3320,-380
20190403,4,建信期货  ,铝                  ,al1904                        ,2150,245
20190403,5,首创期货  ,铝                  ,al1904                        ,2090,215
20190403,6,格林大华  ,铝                  ,al1904                        ,2050,-435
20190403,7,一德期货  ,铝                  ,al1904                        ,1655,130
20190403,8,渤海期货  ,铝                  ,al1904                        ,1540,490
20190403,9,五矿经易  ,铝                  ,al1904                        ,1315,-225
20190403,10,海通期货  ,铝                  ,al1904                        ,1280,0
20190403,11,方正中期  ,铝                  ,al1904                        ,1025,0
20190403,12,平安期货  ,铝                  ,al1904                        ,930,0
20190403,13,国投安信  ,铝                  ,al1904                        ,840,475
20190403,14,迈科期货  ,铝                  ,al1904                        ,835,0
20190403,15,铜冠金源  ,铝                  ,al1904                        ,680,-280
20190403,16,国联期货  ,铝                  ,al1904                        ,670,-5
20190403,17,德盛期货  ,铝                  ,al1904                        ,555,0
20190403,18,国富期货  ,铝                  ,al1904                        ,530,-170
20190403,19,国信期货  ,铝                  ,al1904                        ,525,0
20190403,20,广发期货  ,铝                  ,al1904                        ,480,0
20190403,999,,铝                  ,al1904                        ,33855,-630
20190403,1,中信期货  ,铝                  ,al1905                        ,21796,-313
20190403,2,中国国际  ,铝                  ,al1905                        ,16306,-180
20190403,3,中粮期货  ,铝                  ,al1905                        ,11728,-181
20190403,4,华信期货  ,铝                  ,al1905                        ,8039,-182
20190403,5,云晨期货  ,铝                  ,al1905                        ,7255,0
20190403,6,建信期货  ,铝                  ,al1905                        ,4261,-14
20190403,7,新湖期货  ,铝                  ,al1905                        ,3725,259
20190403,8,鲁证期货  ,铝                  ,al1905                        ,2852,-401
20190403,9,一德期货  ,铝                  ,al1905                        ,2799,25
20190403,10,方正中期  ,铝                  ,al1905                        ,2769,117
20190403,11,首创期货  ,铝                  ,al1905                        ,2531,117
20190403,12,华泰期货  ,铝                  ,al1905                        ,2313,411
20190403,13,东兴期货  ,铝                  ,al1905                        ,2195,-36
20190403,14,国贸期货  ,铝                  ,al1905                        ,1904,-2
20190403,15,格林大华  ,铝                  ,al1905                        ,1879,6
20190403,16,金瑞期货  ,铝                  ,al1905                        ,1776,-53
20190403,17,大地期货  ,铝                  ,al1905                        ,1542,112
20190403,18,广发期货  ,铝                  ,al1905                        ,1405,-11
20190403,19,国投安信  ,铝                  ,al1905                        ,1309,32
20190403,20,海通期货  ,铝                  ,al1905                        ,1282,110
20190403,999,,铝                  ,al1905                        ,99666,-184
20190403,1,中信期货  ,铝                  ,al1906                        ,14938,-306
20190403,2,国泰君安  ,铝                  ,al1906                        ,7060,1010
20190403,3,方正中期  ,铝                  ,al1906                        ,4993,61
20190403,4,中粮期货  ,铝                  ,al1906                        ,4658,399
20190403,5,中国国际  ,铝                  ,al1906                        ,4149,-2
20190403,6,上海中期  ,铝                  ,al1906                        ,3910,2
20190403,7,华信期货  ,铝                  ,al1906                        ,3706,-207
20190403,8,海通期货  ,铝                  ,al1906                        ,3546,131
20190403,9,广发期货  ,铝                  ,al1906                        ,3046,86
20190403,10,永安期货  ,铝                  ,al1906                        ,2988,-172
20190403,11,首创期货  ,铝                  ,al1906                        ,2465,665
20190403,12,国投安信  ,铝                  ,al1906                        ,2229,525
20190403,13,中金期货  ,铝                  ,al1906                        ,2127,0
20190403,14,华泰期货  ,铝                  ,al1906                        ,2085,-109
20190403,15,瑞达期货  ,铝                  ,al1906                        ,1962,190
20190403,16,建信期货  ,铝                  ,al1906                        ,1941,34
20190403,17,华安期货  ,铝                  ,al1906                        ,1886,-373
20190403,18,金瑞期货  ,铝                  ,al1906                        ,1823,128
20190403,19,光大期货  ,铝                  ,al1906                        ,1568,-9
20190403,20,银河期货  ,铝                  ,al1906                        ,1420,159
20190403,999,,铝                  ,al1906                        ,72500,2212
20190403,1,国投安信  ,铝                  ,al1907                        ,7269,-40
20190403,2,上海中期  ,铝                  ,al1907                        ,4484,164
20190403,3,中信期货  ,铝                  ,al1907                        ,3741,63
20190403,4,永安期货  ,铝                  ,al1907                        ,3599,126
20190403,5,国信期货  ,铝                  ,al1907                        ,2875,-6
20190403,6,中金期货  ,铝                  ,al1907                        ,2127,0
20190403,7,华泰期货  ,铝                  ,al1907                        ,1810,417
20190403,8,一德期货  ,铝                  ,al1907                        ,1368,367
20190403,9,光大期货  ,铝                  ,al1907                        ,1304,0
20190403,10,兴业期货  ,铝                  ,al1907                        ,1303,0
20190403,11,国贸期货  ,铝                  ,al1907                        ,1197,534
20190403,12,南华期货  ,铝                  ,al1907                        ,1094,2
20190403,13,华融期货  ,铝                  ,al1907                        ,1020,0
20190403,14,海通期货  ,铝                  ,al1907                        ,854,9
20190403,15,宏源期货  ,铝                  ,al1907                        ,728,-35
20190403,16,长江期货  ,铝                  ,al1907                        ,686,0
20190403,17,方正中期  ,铝                  ,al1907                        ,683,17
20190403,18,中粮期货  ,铝                  ,al1907                        ,620,200
20190403,19,迈科期货  ,铝                  ,al1907                        ,571,-110
20190403,20,鲁证期货  ,铝                  ,al1907                        ,570,-390
20190403,999,,铝                  ,al1907                        ,37903,1318
20190403,1,上海中期  ,铝                  ,al1908                        ,6750,1
20190403,2,华安期货  ,铝                  ,al1908                        ,2331,0
20190403,3,中信期货  ,铝                  ,al1908                        ,1265,59
20190403,4,中粮期货  ,铝                  ,al1908                        ,1211,1100
20190403,5,光大期货  ,铝                  ,al1908                        ,1060,0
20190403,6,永安期货  ,铝                  ,al1908                        ,1032,-292
20190403,7,五矿经易  ,铝                  ,al1908                        ,1008,-2
20190403,8,摩根大通  ,铝                  ,al1908                        ,898,0
20190403,9,前海期货  ,铝                  ,al1908                        ,860,0
20190403,10,鲁证期货  ,铝                  ,al1908                        ,807,0
20190403,11,建信期货  ,铝                  ,al1908                        ,793,569
20190403,12,东亚期货  ,铝                  ,al1908                        ,707,0
20190403,13,中钢期货  ,铝                  ,al1908                        ,640,0
20190403,14,国信期货  ,铝                  ,al1908                        ,484,-1100
20190403,15,国投安信  ,铝                  ,al1908                        ,469,0
20190403,16,国海良时  ,铝                  ,al1908                        ,425,0
20190403,17,新晟期货  ,铝                  ,al1908                        ,381,20
20190403,18,一德期货  ,铝                  ,al1908                        ,279,0
20190403,19,中信建投  ,铝                  ,al1908                        ,226,0
20190403,20,兴证期货  ,铝                  ,al1908                        ,207,-2
20190403,999,,铝                  ,al1908                        ,21833,353
20190403,-1,期货公司  ,锌                  ,znall                         ,331028,-9283
20190403,0,非期货公司,锌                  ,znall                         ,18,-300
20190403,1,五矿经易  ,锌                  ,zn1904                        ,2350,-695
20190403,2,东证期货  ,锌                  ,zn1904                        ,2075,-195
20190403,3,海通期货  ,锌                  ,zn1904                        ,1670,-30
20190403,4,银河期货  ,锌                  ,zn1904                        ,1545,-465
20190403,5,金瑞期货  ,锌                  ,zn1904                        ,1460,-75
20190403,6,一德期货  ,锌                  ,zn1904                        ,1230,-460
20190403,7,中信期货  ,锌                  ,zn1904                        ,1085,-420
20190403,8,中粮期货  ,锌                  ,zn1904                        ,855,-185
20190403,9,国海良时  ,锌                  ,zn1904                        ,685,-120
20190403,10,国贸期货  ,锌                  ,zn1904                        ,645,0
20190403,11,迈科期货  ,锌                  ,zn1904                        ,590,-600
20190403,12,华泰期货  ,锌                  ,zn1904                        ,495,65
20190403,13,建信期货  ,锌                  ,zn1904                        ,465,310
20190403,14,首创期货  ,锌                  ,zn1904                        ,465,10
20190403,15,冠通期货  ,锌                  ,zn1904                        ,450,0
20190403,16,鲁证期货  ,锌                  ,zn1904                        ,415,-190
20190403,17,格林大华  ,锌                  ,zn1904                        ,395,115
20190403,18,铜冠金源  ,锌                  ,zn1904                        ,370,130
20190403,19,东亚期货  ,锌                  ,zn1904                        ,300,0
20190403,20,金汇期货  ,锌                  ,zn1904                        ,280,0
20190403,999,,锌                  ,zn1904                        ,17825,-2805
20190403,1,五矿经易  ,锌                  ,zn1905                        ,9405,178
20190403,2,华泰期货  ,锌                  ,zn1905                        ,7729,339
20190403,3,一德期货  ,锌                  ,zn1905                        ,6434,350
20190403,4,方正中期  ,锌                  ,zn1905                        ,6375,-19
20190403,5,中信期货  ,锌                  ,zn1905                        ,6056,18
20190403,6,永安期货  ,锌                  ,zn1905                        ,5258,-182
20190403,7,东证期货  ,锌                  ,zn1905                        ,3974,757
20190403,8,铜冠金源  ,锌                  ,zn1905                        ,2988,-29
20190403,9,格林大华  ,锌                  ,zn1905                        ,2983,-75
20190403,10,海通期货  ,锌                  ,zn1905                        ,2925,7
20190403,11,国投安信  ,锌                  ,zn1905                        ,2861,-68
20190403,12,银河期货  ,锌                  ,zn1905                        ,2560,-2310
20190403,13,大越期货  ,锌                  ,zn1905                        ,2509,-43
20190403,14,南华期货  ,锌                  ,zn1905                        ,2353,155
20190403,15,国泰君安  ,锌                  ,zn1905                        ,2186,-100
20190403,16,广发期货  ,锌                  ,zn1905                        ,2167,-127
20190403,17,中粮期货  ,锌                  ,zn1905                        ,2162,11
20190403,18,天鸿期货  ,锌                  ,zn1905                        ,1986,-3
20190403,19,山金期货  ,锌                  ,zn1905                        ,1936,-239
20190403,20,上海中期  ,锌                  ,zn1905                        ,1897,-77
20190403,999,,锌                  ,zn1905                        ,76744,-1457
20190403,1,五矿经易  ,锌                  ,zn1906                        ,7634,-819
20190403,2,银河期货  ,锌                  ,zn1906                        ,7446,62
20190403,3,永安期货  ,锌                  ,zn1906                        ,7425,418
20190403,4,方正中期  ,锌                  ,zn1906                        ,5743,117
20190403,5,中粮期货  ,锌                  ,zn1906                        ,4594,357
20190403,6,宝城期货  ,锌                  ,zn1906                        ,4381,92
20190403,7,中信期货  ,锌                  ,zn1906                        ,3917,116
20190403,8,大越期货  ,锌                  ,zn1906                        ,3432,19
20190403,9,华泰期货  ,锌                  ,zn1906                        ,3287,-649
20190403,10,云晨期货  ,锌                  ,zn1906                        ,3071,13
20190403,11,一德期货  ,锌                  ,zn1906                        ,3029,25
20190403,12,国投安信  ,锌                  ,zn1906                        ,2816,12
20190403,13,建信期货  ,锌                  ,zn1906                        ,2352,244
20190403,14,国贸期货  ,锌                  ,zn1906                        ,2225,21
20190403,15,浙商期货  ,锌                  ,zn1906                        ,1896,-156
20190403,16,广州期货  ,锌                  ,zn1906                        ,1756,332
20190403,17,光大期货  ,锌                  ,zn1906                        ,1696,-197
20190403,18,广发期货  ,锌                  ,zn1906                        ,1639,67
20190403,19,国泰君安  ,锌                  ,zn1906                        ,1633,324
20190403,20,兴业期货  ,锌                  ,zn1906                        ,1633,7
20190403,999,,锌                  ,zn1906                        ,71605,405
20190403,1,永安期货  ,锌                  ,zn1907                        ,8443,-372
20190403,2,中信期货  ,锌                  ,zn1907                        ,3910,82
20190403,3,银河期货  ,锌                  ,zn1907                        ,3242,-806
20190403,4,五矿经易  ,锌                  ,zn1907                        ,2623,-2
20190403,5,云晨期货  ,锌                  ,zn1907                        ,2095,-16
20190403,6,天风期货  ,锌                  ,zn1907                        ,1952,1
20190403,7,一德期货  ,锌                  ,zn1907                        ,1852,12
20190403,8,中投期货  ,锌                  ,zn1907                        ,1618,-321
20190403,9,申万期货  ,锌                  ,zn1907                        ,1613,209
20190403,10,华泰期货  ,锌                  ,zn1907                        ,1612,85
20190403,11,大越期货  ,锌                  ,zn1907                        ,1493,-1
20190403,12,鲁证期货  ,锌                  ,zn1907                        ,1490,85
20190403,13,中粮期货  ,锌                  ,zn1907                        ,1450,48
20190403,14,金瑞期货  ,锌                  ,zn1907                        ,1380,217
20190403,15,大地期货  ,锌                  ,zn1907                        ,1374,19
20190403,16,国投安信  ,锌                  ,zn1907                        ,1209,98
20190403,17,中钢期货  ,锌                  ,zn1907                        ,1096,1
20190403,18,东方财富  ,锌                  ,zn1907                        ,1032,259
20190403,19,格林大华  ,锌                  ,zn1907                        ,937,134
20190403,20,华鑫期货  ,锌                  ,zn1907                        ,921,1
20190403,999,,锌                  ,zn1907                        ,41342,-267
20190403,-1,期货公司  ,铅                  ,pball                         ,35897,760
20190403,0,非期货公司,铅                  ,pball                         ,0,0
20190403,1,永安期货  ,铅                  ,pb1904                        ,1735,0
20190403,2,中信期货  ,铅                  ,pb1904                        ,725,-5
20190403,3,金瑞期货  ,铅                  ,pb1904                        ,330,0
20190403,4,首创期货  ,铅                  ,pb1904                        ,215,0
20190403,5,国泰君安  ,铅                  ,pb1904                        ,120,-5
20190403,6,广发期货  ,铅                  ,pb1904                        ,80,0
20190403,7,上海大陆  ,铅                  ,pb1904                        ,40,0
20190403,8,兴业期货  ,铅                  ,pb1904                        ,35,-20
20190403,9,银河期货  ,铅                  ,pb1904                        ,35,5
20190403,10,一德期货  ,铅                  ,pb1904                        ,25,-5
20190403,11,瑞达期货  ,铅                  ,pb1904                        ,5,0
20190403,12,东证期货  ,铅                  ,pb1904                        ,5,-5
20190403,13,,铅                  ,pb1904                        ,,
20190403,14,,铅                  ,pb1904                        ,,
20190403,15,,铅                  ,pb1904                        ,,
20190403,16,,铅                  ,pb1904                        ,,
20190403,17,,铅                  ,pb1904                        ,,
20190403,18,,铅                  ,pb1904                        ,,
20190403,19,,铅                  ,pb1904                        ,,
20190403,20,,铅                  ,pb1904                        ,,
20190403,999,,铅                  ,pb1904                        ,3350,-35
20190403,1,首创期货  ,铅                  ,pb1905                        ,2169,-5
20190403,2,永安期货  ,铅                  ,pb1905                        ,1761,-167
20190403,3,中信期货  ,铅                  ,pb1905                        ,1688,-216
20190403,4,华泰期货  ,铅                  ,pb1905                        ,1405,319
20190403,5,五矿经易  ,铅                  ,pb1905                        ,1186,191
20190403,6,海证期货  ,铅                  ,pb1905                        ,798,1
20190403,7,招商期货  ,铅                  ,pb1905                        ,760,-44
20190403,8,广发期货  ,铅                  ,pb1905                        ,712,51
20190403,9,南华期货  ,铅                  ,pb1905                        ,680,0
20190403,10,国贸期货  ,铅                  ,pb1905                        ,608,10
20190403,11,东兴期货  ,铅                  ,pb1905                        ,541,-1
20190403,12,一德期货  ,铅                  ,pb1905                        ,532,-2
20190403,13,东证期货  ,铅                  ,pb1905                        ,516,10
20190403,14,鲁证期货  ,铅                  ,pb1905                        ,490,36
20190403,15,广金期货  ,铅                  ,pb1905                        ,468,20
20190403,16,兴证期货  ,铅                  ,pb1905                        ,438,-78
20190403,17,弘业期货  ,铅                  ,pb1905                        ,380,100
20190403,18,海通期货  ,铅                  ,pb1905                        ,370,-62
20190403,19,申万期货  ,铅                  ,pb1905                        ,359,93
20190403,20,金瑞期货  ,铅                  ,pb1905                        ,358,81
20190403,999,,铅                  ,pb1905                        ,16219,337
20190403,-1,期货公司  ,镍                  ,niall                         ,261625,6366
20190403,0,非期货公司,镍                  ,niall                         ,69,0
20190403,1,五矿经易  ,镍                  ,ni1904                        ,852,0
20190403,2,中信期货  ,镍                  ,ni1904                        ,408,0
20190403,3,国贸期货  ,镍                  ,ni1904                        ,270,0
20190403,4,国泰君安  ,镍                  ,ni1904                        ,258,-72
20190403,5,中粮期货  ,镍                  ,ni1904                        ,84,0
20190403,6,申万期货  ,镍                  ,ni1904                        ,18,6
20190403,7,国信期货  ,镍                  ,ni1904                        ,12,12
20190403,8,大有期货  ,镍                  ,ni1904                        ,12,0
20190403,9,鲁证期货  ,镍                  ,ni1904                        ,6,0
20190403,10,,镍                  ,ni1904                        ,,
20190403,11,,镍                  ,ni1904                        ,,
20190403,12,,镍                  ,ni1904                        ,,
20190403,13,,镍                  ,ni1904                        ,,
20190403,14,,镍                  ,ni1904                        ,,
20190403,15,,镍                  ,ni1904                        ,,
20190403,16,,镍                  ,ni1904                        ,,
20190403,999,,镍                  ,ni1904                        ,1920,-54
20190403,1,中信期货  ,镍                  ,ni1905                        ,6141,688
20190403,2,永安期货  ,镍                  ,ni1905                        ,5635,-339
20190403,3,海通期货  ,镍                  ,ni1905                        ,4628,-80
20190403,4,方正中期  ,镍                  ,ni1905                        ,4088,-261
20190403,5,广发期货  ,镍                  ,ni1905                        ,3954,307
20190403,6,国投安信  ,镍                  ,ni1905                        ,3709,256
20190403,7,创元期货  ,镍                  ,ni1905                        ,2693,1399
20190403,8,申万期货  ,镍                  ,ni1905                        ,2667,130
20190403,9,东证期货  ,镍                  ,ni1905                        ,2568,349
20190403,10,国泰君安  ,镍                  ,ni1905                        ,2318,774
20190403,11,五矿经易  ,镍                  ,ni1905                        ,2304,251
20190403,12,大有期货  ,镍                  ,ni1905                        ,2224,402
20190403,13,金瑞期货  ,镍                  ,ni1905                        ,2136,180
20190403,14,华泰期货  ,镍                  ,ni1905                        ,2134,-141
20190403,15,南华期货  ,镍                  ,ni1905                        ,2032,481
20190403,16,银河期货  ,镍                  ,ni1905                        ,1996,-1334
20190403,17,宁证期货  ,镍                  ,ni1905                        ,1755,1532
20190403,18,浙商期货  ,镍                  ,ni1905                        ,1649,-177
20190403,19,长江期货  ,镍                  ,ni1905                        ,1534,261
20190403,20,鲁证期货  ,镍                  ,ni1905                        ,1382,-593
20190403,999,,镍                  ,ni1905                        ,57547,4085
20190403,1,国泰君安  ,镍                  ,ni1906                        ,6637,-713
20190403,2,南华期货  ,镍                  ,ni1906                        ,5032,60
20190403,3,五矿经易  ,镍                  ,ni1906                        ,4361,83
20190403,4,广发期货  ,镍                  ,ni1906                        ,4237,1928
20190403,5,永安期货  ,镍                  ,ni1906                        ,3676,-3693
20190403,6,招商期货  ,镍                  ,ni1906                        ,3315,-192
20190403,7,信达期货  ,镍                  ,ni1906                        ,2846,16
20190403,8,方正中期  ,镍                  ,ni1906                        ,2814,193
20190403,9,申万期货  ,镍                  ,ni1906                        ,2789,114
20190403,10,中粮期货  ,镍                  ,ni1906                        ,2334,-176
20190403,11,中信期货  ,镍                  ,ni1906                        ,2086,216
20190403,12,光大期货  ,镍                  ,ni1906                        ,2031,-10
20190403,13,国富期货  ,镍                  ,ni1906                        ,1909,-134
20190403,14,国投安信  ,镍                  ,ni1906                        ,1878,1
20190403,15,银河期货  ,镍                  ,ni1906                        ,1802,673
20190403,16,东证期货  ,镍                  ,ni1906                        ,1690,368
20190403,17,华泰期货  ,镍                  ,ni1906                        ,1437,482
20190403,18,兴业期货  ,镍                  ,ni1906                        ,1313,172
20190403,19,海通期货  ,镍                  ,ni1906                        ,1276,69
20190403,20,国海良时  ,镍                  ,ni1906                        ,1253,-47
20190403,999,,镍                  ,ni1906                        ,54716,-590
20190403,1,国泰君安  ,镍                  ,ni1907                        ,4516,74
20190403,2,五矿经易  ,镍                  ,ni1907                        ,3238,30
20190403,3,中信期货  ,镍                  ,ni1907                        ,2839,-188
20190403,4,中粮期货  ,镍                  ,ni1907                        ,2591,448
20190403,5,招商期货  ,镍                  ,ni1907                        ,2508,110
20190403,6,光大期货  ,镍                  ,ni1907                        ,2485,-11
20190403,7,金瑞期货  ,镍                  ,ni1907                        ,2212,4
20190403,8,东证期货  ,镍                  ,ni1907                        ,1886,-218
20190403,9,浙商期货  ,镍                  ,ni1907                        ,1850,125
20190403,10,新湖期货  ,镍                  ,ni1907                        ,1607,34
20190403,11,南华期货  ,镍                  ,ni1907                        ,1363,-131
20190403,12,国投安信  ,镍                  ,ni1907                        ,1340,-1
20190403,13,方正中期  ,镍                  ,ni1907                        ,1121,0
20190403,14,建信期货  ,镍                  ,ni1907                        ,1020,-40
20190403,15,东海期货  ,镍                  ,ni1907                        ,1017,-300
20190403,16,广发期货  ,镍                  ,ni1907                        ,997,404
20190403,17,一德期货  ,镍                  ,ni1907                        ,776,-70
20190403,18,宏源期货  ,镍                  ,ni1907                        ,745,145
20190403,19,永安期货  ,镍                  ,ni1907                        ,671,-100
20190403,20,银河期货  ,镍                  ,ni1907                        ,655,-25
20190403,999,,镍                  ,ni1907                        ,35437,290
20190403,1,国泰君安  ,镍                  ,ni1908                        ,3978,689
20190403,2,光大期货  ,镍                  ,ni1908                        ,2855,-48
20190403,3,浙商期货  ,镍                  ,ni1908                        ,2504,79
20190403,4,中粮期货  ,镍                  ,ni1908                        ,2204,523
20190403,5,招商期货  ,镍                  ,ni1908                        ,2137,407
20190403,6,五矿经易  ,镍                  ,ni1908                        ,1719,2
20190403,7,国投安信  ,镍                  ,ni1908                        ,1126,-73
20190403,8,东证期货  ,镍                  ,ni1908                        ,1108,-133
20190403,9,中信期货  ,镍                  ,ni1908                        ,1014,-27
20190403,10,南华期货  ,镍                  ,ni1908                        ,1000,-1
20190403,11,国海良时  ,镍                  ,ni1908                        ,598,0
20190403,12,宏源期货  ,镍                  ,ni1908                        ,474,84
20190403,13,永安期货  ,镍                  ,ni1908                        ,360,359
20190403,14,海通期货  ,镍                  ,ni1908                        ,310,-4
20190403,15,东兴期货  ,镍                  ,ni1908                        ,294,-359
20190403,16,广发期货  ,镍                  ,ni1908                        ,257,98
20190403,17,平安期货  ,镍                  ,ni1908                        ,154,-2
20190403,18,西部期货  ,镍                  ,ni1908                        ,104,1
20190403,19,金瑞期货  ,镍                  ,ni1908                        ,96,0
20190403,20,瑞达期货  ,镍                  ,ni1908                        ,64,-1
20190403,999,,镍                  ,ni1908                        ,22356,1594
20190403,1,中信期货  ,镍                  ,ni1909                        ,4748,518
20190403,2,申万期货  ,镍                  ,ni1909                        ,3584,0
20190403,3,瑞达期货  ,镍                  ,ni1909                        ,1772,6
20190403,4,建信期货  ,镍                  ,ni1909                        ,1337,3
20190403,5,冠通期货  ,镍                  ,ni1909                        ,1300,0
20190403,6,永安期货  ,镍                  ,ni1909                        ,1281,-263
20190403,7,海通期货  ,镍                  ,ni1909                        ,1109,84
20190403,8,中粮期货  ,镍                  ,ni1909                        ,946,21
20190403,9,倍特期货  ,镍                  ,ni1909                        ,876,94
20190403,10,首创期货  ,镍                  ,ni1909                        ,850,3
20190403,11,一德期货  ,镍                  ,ni1909                        ,850,-48
20190403,12,鲁证期货  ,镍                  ,ni1909                        ,725,4
20190403,13,国泰君安  ,镍                  ,ni1909                        ,677,-34
20190403,14,长江期货  ,镍                  ,ni1909                        ,557,14
20190403,15,东证期货  ,镍                  ,ni1909                        ,466,125
20190403,16,南华期货  ,镍                  ,ni1909                        ,333,12
20190403,17,东方财富  ,镍                  ,ni1909                        ,321,30
20190403,18,方正中期  ,镍                  ,ni1909                        ,302,-5
20190403,19,广发期货  ,镍                  ,ni1909                        ,274,-336
20190403,20,国信期货  ,镍                  ,ni1909                        ,265,37
20190403,999,,镍                  ,ni1909                        ,22573,265
20190403,-1,期货公司  ,锡                  ,snall                         ,20519,-59
20190403,0,非期货公司,锡                  ,snall                         ,0,0
20190403,1,中信期货  ,锡                  ,sn1905                        ,1736,-50
20190403,2,五矿经易  ,锡                  ,sn1905                        ,1003,61
20190403,3,银河期货  ,锡                  ,sn1905                        ,876,-8
20190403,4,格林大华  ,锡                  ,sn1905                        ,594,0
20190403,5,光大期货  ,锡                  ,sn1905                        ,571,-4
20190403,6,海通期货  ,锡                  ,sn1905                        ,513,-1
20190403,7,东海期货  ,锡                  ,sn1905                        ,470,0
20190403,8,上海中期  ,锡                  ,sn1905                        ,372,-8
20190403,9,南华期货  ,锡                  ,sn1905                        ,337,-54
20190403,10,国泰君安  ,锡                  ,sn1905                        ,327,19
20190403,11,一德期货  ,锡                  ,sn1905                        ,301,32
20190403,12,弘业期货  ,锡                  ,sn1905                        ,287,41
20190403,13,大有期货  ,锡                  ,sn1905                        ,186,-72
20190403,14,宏源期货  ,锡                  ,sn1905                        ,163,-18
20190403,15,中银国际  ,锡                  ,sn1905                        ,161,0
20190403,16,金瑞期货  ,锡                  ,sn1905                        ,154,-5
20190403,17,中辉期货  ,锡                  ,sn1905                        ,128,-4
20190403,18,中财期货  ,锡                  ,sn1905                        ,120,-13
20190403,19,永安期货  ,锡                  ,sn1905                        ,120,-3
20190403,20,建信期货  ,锡                  ,sn1905                        ,114,0
20190403,999,,锡                  ,sn1905                        ,8533,-87
20190403,-1,期货公司  ,黄金                ,auall                         ,69754,-2587
20190403,0,非期货公司,黄金                ,auall                         ,162750,1299
20190403,1,,黄金                ,au1904                        ,,
20190403,2,,黄金                ,au1904                        ,,
20190403,3,,黄金                ,au1904                        ,,
20190403,999,,黄金                ,au1904                        ,,
20190403,1,招金期货  ,黄金                ,au1906                        ,5376,145
20190403,2,东证期货  ,黄金                ,au1906                        ,4433,-397
20190403,3,中信期货  ,黄金                ,au1906                        ,3815,-31
20190403,4,国泰君安  ,黄金                ,au1906                        ,3161,-134
20190403,5,五矿经易  ,黄金                ,au1906                        ,2832,-110
20190403,6,海通期货  ,黄金                ,au1906                        ,2273,106
20190403,7,平安期货  ,黄金                ,au1906                        ,1934,-121
20190403,8,铜冠金源  ,黄金                ,au1906                        ,1634,1
20190403,9,新湖期货  ,黄金                ,au1906                        ,1299,37
20190403,10,南华期货  ,黄金                ,au1906                        ,1251,-34
20190403,11,西部期货  ,黄金                ,au1906                        ,1209,-244
20190403,12,华泰期货  ,黄金                ,au1906                        ,1193,-263
20190403,13,鲁证期货  ,黄金                ,au1906                        ,1096,867
20190403,14,首创期货  ,黄金                ,au1906                        ,1055,-82
20190403,15,银河期货  ,黄金                ,au1906                        ,985,22
20190403,16,国贸期货  ,黄金                ,au1906                        ,953,-95
20190403,17,中国国际  ,黄金                ,au1906                        ,910,0
20190403,18,国富期货  ,黄金                ,au1906                        ,902,334
20190403,19,金瑞期货  ,黄金                ,au1906                        ,856,97
20190403,20,方正中期  ,黄金                ,au1906                        ,757,-522
20190403,999,,黄金                ,au1906                        ,37924,-424
20190403,1,东证期货  ,黄金                ,au1908                        ,1273,25
20190403,2,申万期货  ,黄金                ,au1908                        ,1001,-6
20190403,3,中信建投  ,黄金                ,au1908                        ,761,32
20190403,4,方正中期  ,黄金                ,au1908                        ,610,-1
20190403,5,中信期货  ,黄金                ,au1908                        ,416,57
20190403,6,国泰君安  ,黄金                ,au1908                        ,384,-1
20190403,7,格林大华  ,黄金                ,au1908                        ,229,0
20190403,8,招金期货  ,黄金                ,au1908                        ,206,0
20190403,9,西部期货  ,黄金                ,au1908                        ,195,2
20190403,10,银河期货  ,黄金                ,au1908                        ,187,8
20190403,11,迈科期货  ,黄金                ,au1908                        ,152,0
20190403,12,国投安信  ,黄金                ,au1908                        ,71,-21
20190403,13,鲁证期货  ,黄金                ,au1908                        ,45,-5
20190403,14,海通期货  ,黄金                ,au1908                        ,26,-3
20190403,15,东吴期货  ,黄金                ,au1908                        ,22,-16
20190403,16,海证期货  ,黄金                ,au1908                        ,16,0
20190403,17,宏源期货  ,黄金                ,au1908                        ,13,-5
20190403,18,长安期货  ,黄金                ,au1908                        ,12,0
20190403,19,东方财富  ,黄金                ,au1908                        ,12,8
20190403,20,兴证期货  ,黄金                ,au1908                        ,12,0
20190403,999,,黄金                ,au1908                        ,5643,74
20190403,1,东证期货  ,黄金                ,au1910                        ,1102,1
20190403,2,东吴期货  ,黄金                ,au1910                        ,808,59
20190403,3,申万期货  ,黄金                ,au1910                        ,407,-1
20190403,4,迈科期货  ,黄金                ,au1910                        ,225,0
20190403,5,方正中期  ,黄金                ,au1910                        ,186,0
20190403,6,中信建投  ,黄金                ,au1910                        ,105,4
20190403,7,格林大华  ,黄金                ,au1910                        ,96,0
20190403,8,西部期货  ,黄金                ,au1910                        ,76,-86
20190403,9,银河期货  ,黄金                ,au1910                        ,69,1
20190403,10,光大期货  ,黄金                ,au1910                        ,57,0
20190403,11,招金期货  ,黄金                ,au1910                        ,50,0
20190403,12,国泰君安  ,黄金                ,au1910                        ,50,0
20190403,13,中信期货  ,黄金                ,au1910                        ,49,6
20190403,14,中融汇信  ,黄金                ,au1910                        ,45,-2
20190403,15,国投安信  ,黄金                ,au1910                        ,43,-48
20190403,16,瑞龙期货  ,黄金                ,au1910                        ,18,18
20190403,17,国信期货  ,黄金                ,au1910                        ,9,9
20190403,18,广金期货  ,黄金                ,au1910                        ,8,0
20190403,19,平安期货  ,黄金                ,au1910                        ,5,0
20190403,20,美尔雅    ,黄金                ,au1910                        ,5,0
20190403,999,,黄金                ,au1910                        ,3413,-39
20190403,1,招金期货  ,黄金                ,au1912                        ,2410,34
20190403,2,国泰君安  ,黄金                ,au1912                        ,1241,29
20190403,3,国投安信  ,黄金                ,au1912                        ,1214,38
20190403,4,广州期货  ,黄金                ,au1912                        ,1098,8
20190403,5,中辉期货  ,黄金                ,au1912                        ,496,17
20190403,6,华泰期货  ,黄金                ,au1912                        ,389,16
20190403,7,新湖期货  ,黄金                ,au1912                        ,297,-1
20190403,8,广发期货  ,黄金                ,au1912                        ,155,5
20190403,9,南华期货  ,黄金                ,au1912                        ,133,57
20190403,10,东证期货  ,黄金                ,au1912                        ,126,12
20190403,11,云晨期货  ,黄金                ,au1912                        ,120,5
20190403,12,浙商期货  ,黄金                ,au1912                        ,95,3
20190403,13,东航期货  ,黄金                ,au1912                        ,81,0
20190403,14,银河期货  ,黄金                ,au1912                        ,69,6
20190403,15,中信期货  ,黄金                ,au1912                        ,52,5
20190403,16,东兴期货  ,黄金                ,au1912                        ,50,0
20190403,17,中信建投  ,黄金                ,au1912                        ,49,4
20190403,18,申万期货  ,黄金                ,au1912                        ,46,26
20190403,19,首创期货  ,黄金                ,au1912                        ,46,-14
20190403,20,渤海期货  ,黄金                ,au1912                        ,40,10
20190403,999,,黄金                ,au1912                        ,8207,260
20190403,-1,期货公司  ,白银                ,agall                         ,283131,150
20190403,0,非期货公司,白银                ,agall                         ,152830,856
20190403,1,安粮期货  ,白银                ,ag1904                        ,324,0
20190403,2,国泰君安  ,白银                ,ag1904                        ,142,0
20190403,3,五矿经易  ,白银                ,ag1904                        ,68,0
20190403,4,中钢期货  ,白银                ,ag1904                        ,38,0
20190403,5,兴业期货  ,白银                ,ag1904                        ,20,0
20190403,6,一德期货  ,白银                ,ag1904                        ,6,0
20190403,7,大有期货  ,白银                ,ag1904                        ,2,0
20190403,8,,白银                ,ag1904                        ,,
20190403,999,,白银                ,ag1904                        ,600,0
20190403,1,中信期货  ,白银                ,ag1906                        ,29009,612
20190403,2,国泰君安  ,白银                ,ag1906                        ,15990,-392
20190403,3,海通期货  ,白银                ,ag1906                        ,12609,-1474
20190403,4,格林大华  ,白银                ,ag1906                        ,9367,-73
20190403,5,银河期货  ,白银                ,ag1906                        ,7528,493
20190403,6,华泰期货  ,白银                ,ag1906                        ,6698,-606
20190403,7,南华期货  ,白银                ,ag1906                        ,4999,1430
20190403,8,五矿经易  ,白银                ,ag1906                        ,4789,-22
20190403,9,新湖期货  ,白银                ,ag1906                        ,4528,24
20190403,10,中银国际  ,白银                ,ag1906                        ,4498,21
20190403,11,金瑞期货  ,白银                ,ag1906                        ,4445,-1383
20190403,12,兴业期货  ,白银                ,ag1906                        ,3397,561
20190403,13,方正中期  ,白银                ,ag1906                        ,3277,-352
20190403,14,上海大陆  ,白银                ,ag1906                        ,3013,-14
20190403,15,迈科期货  ,白银                ,ag1906                        ,2892,-155
20190403,16,华安期货  ,白银                ,ag1906                        ,2888,124
20190403,17,铜冠金源  ,白银                ,ag1906                        ,2834,-93
20190403,18,兴证期货  ,白银                ,ag1906                        ,2789,297
20190403,19,长江期货  ,白银                ,ag1906                        ,2783,879
20190403,20,中财期货  ,白银                ,ag1906                        ,2773,-57
20190403,999,,白银                ,ag1906                        ,131106,-180
20190403,1,中信期货  ,白银                ,ag1912                        ,10569,161
20190403,2,申万期货  ,白银                ,ag1912                        ,10163,-96
20190403,3,银河期货  ,白银                ,ag1912                        ,7718,17
20190403,4,国贸期货  ,白银                ,ag1912                        ,7022,-248
20190403,5,海通期货  ,白银                ,ag1912                        ,6691,-190
20190403,6,新湖期货  ,白银                ,ag1912                        ,4985,16
20190403,7,英大期货  ,白银                ,ag1912                        ,4892,1
20190403,8,国海良时  ,白银                ,ag1912                        ,4556,859
20190403,9,一德期货  ,白银                ,ag1912                        ,4240,-8
20190403,10,五矿经易  ,白银                ,ag1912                        ,3198,59
20190403,11,永安期货  ,白银                ,ag1912                        ,2995,-34
20190403,12,广发期货  ,白银                ,ag1912                        ,2481,-214
20190403,13,方正中期  ,白银                ,ag1912                        ,2370,14
20190403,14,华安期货  ,白银                ,ag1912                        ,2311,78
20190403,15,平安期货  ,白银                ,ag1912                        ,1957,638
20190403,16,铜冠金源  ,白银                ,ag1912                        ,1639,177
20190403,17,中国国际  ,白银                ,ag1912                        ,1566,2
20190403,18,上海中期  ,白银                ,ag1912                        ,1493,169
20190403,19,东证期货  ,白银                ,ag1912                        ,1375,55
20190403,20,建信期货  ,白银                ,ag1912                        ,1142,299
20190403,999,,白银                ,ag1912                        ,83363,1755
20190403,-1,期货公司  ,螺纹钢              ,rball                         ,1606135,-26228
20190403,0,非期货公司,螺纹钢              ,rball                         ,1,0
20190403,1,一德期货  ,螺纹钢              ,rb1904                        ,330,-90
20190403,2,浙商期货  ,螺纹钢              ,rb1904                        ,210,0
20190403,3,海通期货  ,螺纹钢              ,rb1904                        ,120,0
20190403,4,永安期货  ,螺纹钢              ,rb1904                        ,60,0
20190403,5,东证期货  ,螺纹钢              ,rb1904                        ,60,30
20190403,999,,螺纹钢              ,rb1904                        ,780,-60
20190403,1,永安期货  ,螺纹钢              ,rb1905                        ,29870,170
20190403,2,银河期货  ,螺纹钢              ,rb1905                        ,28583,-10327
20190403,3,方正中期  ,螺纹钢              ,rb1905                        ,27589,-6405
20190403,4,中信期货  ,螺纹钢              ,rb1905                        ,24469,-9780
20190403,5,国泰君安  ,螺纹钢              ,rb1905                        ,23973,-3691
20190403,6,申万期货  ,螺纹钢              ,rb1905                        ,15866,691
20190403,7,南华期货  ,螺纹钢              ,rb1905                        ,15149,-561
20190403,8,海通期货  ,螺纹钢              ,rb1905                        ,14767,-8
20190403,9,国投安信  ,螺纹钢              ,rb1905                        ,12168,22
20190403,10,中信建投  ,螺纹钢              ,rb1905                        ,11874,-257
20190403,11,五矿经易  ,螺纹钢              ,rb1905                        ,10569,226
20190403,12,华泰期货  ,螺纹钢              ,rb1905                        ,10227,-7349
20190403,13,光大期货  ,螺纹钢              ,rb1905                        ,10222,117
20190403,14,广发期货  ,螺纹钢              ,rb1905                        ,10039,-8408
20190403,15,一德期货  ,螺纹钢              ,rb1905                        ,9667,-1815
20190403,16,信达期货  ,螺纹钢              ,rb1905                        ,9641,-760
20190403,17,徽商期货  ,螺纹钢              ,rb1905                        ,9528,-1786
20190403,18,新纪元    ,螺纹钢              ,rb1905                        ,9186,-1582
20190403,19,东证期货  ,螺纹钢              ,rb1905                        ,8927,-1611
20190403,20,浙商期货  ,螺纹钢              ,rb1905                        ,8770,229
20190403,999,,螺纹钢              ,rb1905                        ,301084,-52885
20190403,1,银河期货  ,螺纹钢              ,rb1910                        ,69133,3418
20190403,2,永安期货  ,螺纹钢              ,rb1910                        ,56670,-6877
20190403,3,方正中期  ,螺纹钢              ,rb1910                        ,51926,16174
20190403,4,中信期货  ,螺纹钢              ,rb1910                        ,40417,5573
20190403,5,华泰期货  ,螺纹钢              ,rb1910                        ,31832,8210
20190403,6,信达期货  ,螺纹钢              ,rb1910                        ,29999,703
20190403,7,国泰君安  ,螺纹钢              ,rb1910                        ,28647,-8249
20190403,8,一德期货  ,螺纹钢              ,rb1910                        ,25884,904
20190403,9,东证期货  ,螺纹钢              ,rb1910                        ,24753,2100
20190403,10,海证期货  ,螺纹钢              ,rb1910                        ,24178,444
20190403,11,新纪元    ,螺纹钢              ,rb1910                        ,17498,1931
20190403,12,招商期货  ,螺纹钢              ,rb1910                        ,16284,-371
20190403,13,东海期货  ,螺纹钢              ,rb1910                        ,15388,808
20190403,14,申万期货  ,螺纹钢              ,rb1910                        ,14476,-346
20190403,15,国投安信  ,螺纹钢              ,rb1910                        ,14326,1582
20190403,16,天风期货  ,螺纹钢              ,rb1910                        ,14272,-150
20190403,17,兴证期货  ,螺纹钢              ,rb1910                        ,14142,430
20190403,18,光大期货  ,螺纹钢              ,rb1910                        ,14077,3808
20190403,19,海通期货  ,螺纹钢              ,rb1910                        ,13890,-5153
20190403,20,徽商期货  ,螺纹钢              ,rb1910                        ,11982,909
20190403,999,,螺纹钢              ,rb1910                        ,529774,25848
20190403,1,华泰期货  ,螺纹钢              ,rb2001                        ,16864,454
20190403,2,瑞达期货  ,螺纹钢              ,rb2001                        ,8500,94
20190403,3,银河期货  ,螺纹钢              ,rb2001                        ,7868,506
20190403,4,国贸期货  ,螺纹钢              ,rb2001                        ,6133,196
20190403,5,宏源期货  ,螺纹钢              ,rb2001                        ,3788,399
20190403,6,国富期货  ,螺纹钢              ,rb2001                        ,3119,1003
20190403,7,浙商期货  ,螺纹钢              ,rb2001                        ,2651,22
20190403,8,永安期货  ,螺纹钢              ,rb2001                        ,2631,234
20190403,9,方正中期  ,螺纹钢              ,rb2001                        ,2496,-133
20190403,10,金瑞期货  ,螺纹钢              ,rb2001                        ,2330,4
20190403,11,海通期货  ,螺纹钢              ,rb2001                        ,2305,-150
20190403,12,大地期货  ,螺纹钢              ,rb2001                        ,2304,3
20190403,13,中辉期货  ,螺纹钢              ,rb2001                        ,2197,-107
20190403,14,东证期货  ,螺纹钢              ,rb2001                        ,1777,-9
20190403,15,国投安信  ,螺纹钢              ,rb2001                        ,1753,-228
20190403,16,长江期货  ,螺纹钢              ,rb2001                        ,1738,-343
20190403,17,兴证期货  ,螺纹钢              ,rb2001                        ,1693,14
20190403,18,徽商期货  ,螺纹钢              ,rb2001                        ,1552,-92
20190403,19,东航期货  ,螺纹钢              ,rb2001                        ,1539,40
20190403,20,江海汇鑫  ,螺纹钢              ,rb2001                        ,1362,-69
20190403,999,,螺纹钢              ,rb2001                        ,74600,1838
20190403,-1,期货公司  ,热轧卷板            ,hcall                         ,362438,-16614
20190403,0,非期货公司,热轧卷板            ,hcall                         ,0,0
20190403,1,东兴期货  ,热轧卷板            ,hc1904                        ,30,0
20190403,999,,热轧卷板            ,hc1904                        ,30,0
20190403,1,国泰君安  ,热轧卷板            ,hc1905                        ,14108,-1761
20190403,2,宏源期货  ,热轧卷板            ,hc1905                        ,11065,95
20190403,3,永安期货  ,热轧卷板            ,hc1905                        ,10903,-2601
20190403,4,银河期货  ,热轧卷板            ,hc1905                        ,10131,-728
20190403,5,信达期货  ,热轧卷板            ,hc1905                        ,9067,6
20190403,6,方正中期  ,热轧卷板            ,hc1905                        ,8629,-5418
20190403,7,鲁证期货  ,热轧卷板            ,hc1905                        ,8125,-730
20190403,8,广州期货  ,热轧卷板            ,hc1905                        ,6631,-29
20190403,9,华泰期货  ,热轧卷板            ,hc1905                        ,4298,-162
20190403,10,南华期货  ,热轧卷板            ,hc1905                        ,4296,323
20190403,11,海通期货  ,热轧卷板            ,hc1905                        ,4145,-1070
20190403,12,申万期货  ,热轧卷板            ,hc1905                        ,3858,1083
20190403,13,中融汇信  ,热轧卷板            ,hc1905                        ,3532,-19
20190403,14,招金期货  ,热轧卷板            ,hc1905                        ,3242,294
20190403,15,一德期货  ,热轧卷板            ,hc1905                        ,3158,629
20190403,16,兴业期货  ,热轧卷板            ,hc1905                        ,2900,449
20190403,17,国富期货  ,热轧卷板            ,hc1905                        ,2684,-873
20190403,18,国信期货  ,热轧卷板            ,hc1905                        ,2678,-974
20190403,19,中信期货  ,热轧卷板            ,hc1905                        ,2517,-1550
20190403,20,创元期货  ,热轧卷板            ,hc1905                        ,2394,-94
20190403,999,,热轧卷板            ,hc1905                        ,118361,-13130
20190403,1,瑞达期货  ,热轧卷板            ,hc1910                        ,23778,1729
20190403,2,海通期货  ,热轧卷板            ,hc1910                        ,14580,-8508
20190403,3,鲁证期货  ,热轧卷板            ,hc1910                        ,9601,839
20190403,4,中信期货  ,热轧卷板            ,hc1910                        ,7930,381
20190403,5,永安期货  ,热轧卷板            ,hc1910                        ,5969,148
20190403,6,银河期货  ,热轧卷板            ,hc1910                        ,5563,1023
20190403,7,招金期货  ,热轧卷板            ,hc1910                        ,5116,995
20190403,8,东证期货  ,热轧卷板            ,hc1910                        ,4467,796
20190403,9,前海期货  ,热轧卷板            ,hc1910                        ,3815,200
20190403,10,东方汇金  ,热轧卷板            ,hc1910                        ,3802,-501
20190403,11,国富期货  ,热轧卷板            ,hc1910                        ,3662,1053
20190403,12,东兴期货  ,热轧卷板            ,hc1910                        ,3261,294
20190403,13,国泰君安  ,热轧卷板            ,hc1910                        ,3233,931
20190403,14,光大期货  ,热轧卷板            ,hc1910                        ,3138,388
20190403,15,方正中期  ,热轧卷板            ,hc1910                        ,3051,-189
20190403,16,东航期货  ,热轧卷板            ,hc1910                        ,2999,960
20190403,17,广发期货  ,热轧卷板            ,hc1910                        ,2938,258
20190403,18,弘业期货  ,热轧卷板            ,hc1910                        ,2925,352
20190403,19,迈科期货  ,热轧卷板            ,hc1910                        ,2620,43
20190403,20,冠通期货  ,热轧卷板            ,hc1910                        ,2485,811
20190403,999,,热轧卷板            ,hc1910                        ,114933,2003
20190403,-1,期货公司  ,燃料油              ,fuall                         ,175336,4345
20190403,0,非期货公司,燃料油              ,fuall                         ,10,0
20190403,1,国投安信  ,燃料油              ,fu1905                        ,13635,-20
20190403,2,海通期货  ,燃料油              ,fu1905                        ,8921,-394
20190403,3,银河期货  ,燃料油              ,fu1905                        ,5660,449
20190403,4,中信期货  ,燃料油              ,fu1905                        ,2119,1099
20190403,5,方正中期  ,燃料油              ,fu1905                        ,1890,432
20190403,6,永安期货  ,燃料油              ,fu1905                        ,1474,-400
20190403,7,广发期货  ,燃料油              ,fu1905                        ,1219,-38
20190403,8,徽商期货  ,燃料油              ,fu1905                        ,1194,-104
20190403,9,华安期货  ,燃料油              ,fu1905                        ,1094,-193
20190403,10,兴证期货  ,燃料油              ,fu1905                        ,1077,-316
20190403,11,东证期货  ,燃料油              ,fu1905                        ,1043,63
20190403,12,鲁证期货  ,燃料油              ,fu1905                        ,1001,172
20190403,13,国海良时  ,燃料油              ,fu1905                        ,930,-232
20190403,14,光大期货  ,燃料油              ,fu1905                        ,885,-43
20190403,15,上海中期  ,燃料油              ,fu1905                        ,840,382
20190403,16,中信建投  ,燃料油              ,fu1905                        ,830,-100
20190403,17,宏源期货  ,燃料油              ,fu1905                        ,820,278
20190403,18,国泰君安  ,燃料油              ,fu1905                        ,799,-229
20190403,19,五矿经易  ,燃料油              ,fu1905                        ,745,-44
20190403,20,建信期货  ,燃料油              ,fu1905                        ,729,-119
20190403,999,,燃料油              ,fu1905                        ,46905,643
20190403,1,中银国际  ,燃料油              ,fu1909                        ,10545,-1984
20190403,2,银河期货  ,燃料油              ,fu1909                        ,7838,1144
20190403,3,国泰君安  ,燃料油              ,fu1909                        ,4342,-7
20190403,4,大越期货  ,燃料油              ,fu1909                        ,3212,2114
20190403,5,海通期货  ,燃料油              ,fu1909                        ,2991,-194
20190403,6,渤海期货  ,燃料油              ,fu1909                        ,2365,5
20190403,7,国投安信  ,燃料油              ,fu1909                        ,2037,1
20190403,8,中信期货  ,燃料油              ,fu1909                        ,1665,-75
20190403,9,国海良时  ,燃料油              ,fu1909                        ,1539,25
20190403,10,华安期货  ,燃料油              ,fu1909                        ,1538,252
20190403,11,天风期货  ,燃料油              ,fu1909                        ,1423,-4
20190403,12,华泰期货  ,燃料油              ,fu1909                        ,1407,-197
20190403,13,东航期货  ,燃料油              ,fu1909                        ,1302,19
20190403,14,东方财富  ,燃料油              ,fu1909                        ,1140,230
20190403,15,永安期货  ,燃料油              ,fu1909                        ,1131,6
20190403,16,方正中期  ,燃料油              ,fu1909                        ,1096,260
20190403,17,一德期货  ,燃料油              ,fu1909                        ,1008,982
20190403,18,盛达期货  ,燃料油              ,fu1909                        ,861,860
20190403,19,中信建投  ,燃料油              ,fu1909                        ,858,261
20190403,20,上海大陆  ,燃料油              ,fu1909                        ,800,86
20190403,999,,燃料油              ,fu1909                        ,49098,3784
20190403,-1,期货公司  ,石油沥青            ,buall                         ,432039,795
20190403,0,非期货公司,石油沥青            ,buall                         ,510,0
20190403,1,东证期货  ,石油沥青            ,bu1906                        ,20536,1909
20190403,2,永安期货  ,石油沥青            ,bu1906                        ,17089,-1042
20190403,3,银河期货  ,石油沥青            ,bu1906                        ,15770,803
20190403,4,中信期货  ,石油沥青            ,bu1906                        ,14031,2118
20190403,5,方正中期  ,石油沥青            ,bu1906                        ,10995,-845
20190403,6,申万期货  ,石油沥青            ,bu1906                        ,10394,-639
20190403,7,海通期货  ,石油沥青            ,bu1906                        ,10253,-2214
20190403,8,徽商期货  ,石油沥青            ,bu1906                        ,9042,-140
20190403,9,新纪元    ,石油沥青            ,bu1906                        ,7203,-1120
20190403,10,华泰期货  ,石油沥青            ,bu1906                        ,7099,-3054
20190403,11,广发期货  ,石油沥青            ,bu1906                        ,6686,376
20190403,12,山金期货  ,石油沥青            ,bu1906                        ,6677,454
20190403,13,建信期货  ,石油沥青            ,bu1906                        ,6529,3584
20190403,14,中信建投  ,石油沥青            ,bu1906                        ,6435,-743
20190403,15,广州期货  ,石油沥青            ,bu1906                        ,5560,-25
20190403,16,中银国际  ,石油沥青            ,bu1906                        ,5434,3516
20190403,17,国泰君安  ,石油沥青            ,bu1906                        ,5407,-721
20190403,18,浙商期货  ,石油沥青            ,bu1906                        ,5358,226
20190403,19,华安期货  ,石油沥青            ,bu1906                        ,5152,-335
20190403,20,国海良时  ,石油沥青            ,bu1906                        ,5107,155
20190403,999,,石油沥青            ,bu1906                        ,180757,2263
20190403,1,永安期货  ,石油沥青            ,bu1912                        ,16443,-1
20190403,2,渤海期货  ,石油沥青            ,bu1912                        ,5913,460
20190403,3,中粮期货  ,石油沥青            ,bu1912                        ,3525,-941
20190403,4,东证期货  ,石油沥青            ,bu1912                        ,3085,-245
20190403,5,银河期货  ,石油沥青            ,bu1912                        ,2566,407
20190403,6,中信期货  ,石油沥青            ,bu1912                        ,2437,103
20190403,7,华泰期货  ,石油沥青            ,bu1912                        ,1735,221
20190403,8,方正中期  ,石油沥青            ,bu1912                        ,1551,271
20190403,9,徽商期货  ,石油沥青            ,bu1912                        ,1545,115
20190403,10,国泰君安  ,石油沥青            ,bu1912                        ,1392,123
20190403,11,国投安信  ,石油沥青            ,bu1912                        ,1342,374
20190403,12,浙商期货  ,石油沥青            ,bu1912                        ,1194,59
20190403,13,长江期货  ,石油沥青            ,bu1912                        ,1114,-36
20190403,14,华安期货  ,石油沥青            ,bu1912                        ,979,181
20190403,15,招商期货  ,石油沥青            ,bu1912                        ,888,54
20190403,16,中财期货  ,石油沥青            ,bu1912                        ,853,-63
20190403,17,广发期货  ,石油沥青            ,bu1912                        ,848,168
20190403,18,光大期货  ,石油沥青            ,bu1912                        ,836,59
20190403,19,东航期货  ,石油沥青            ,bu1912                        ,831,81
20190403,20,国海良时  ,石油沥青            ,bu1912                        ,770,29
20190403,999,,石油沥青            ,bu1912                        ,49847,1419
20190403,-1,期货公司  ,天然橡胶            ,ruall                         ,276945,-7099
20190403,0,非期货公司,天然橡胶            ,ruall                         ,0,0
20190403,1,宏源期货  ,天然橡胶            ,ru1904                        ,15,0
20190403,2,申万期货  ,天然橡胶            ,ru1904                        ,1,0
20190403,3,格林大华  ,天然橡胶            ,ru1904                        ,1,0
20190403,999,,天然橡胶            ,ru1904                        ,17,0
20190403,1,中银国际  ,天然橡胶            ,ru1905                        ,15878,-3491
20190403,2,兴证期货  ,天然橡胶            ,ru1905                        ,2704,124
20190403,3,海通期货  ,天然橡胶            ,ru1905                        ,2689,-261
20190403,4,中粮期货  ,天然橡胶            ,ru1905                        ,2442,-131
20190403,5,中信期货  ,天然橡胶            ,ru1905                        ,2432,-702
20190403,6,永安期货  ,天然橡胶            ,ru1905                        ,2362,-703
20190403,7,华泰期货  ,天然橡胶            ,ru1905                        ,2231,-253
20190403,8,国投安信  ,天然橡胶            ,ru1905                        ,2204,-89
20190403,9,国泰君安  ,天然橡胶            ,ru1905                        ,1898,-334
20190403,10,银河期货  ,天然橡胶            ,ru1905                        ,1814,-314
20190403,11,宏源期货  ,天然橡胶            ,ru1905                        ,1756,-139
20190403,12,东证期货  ,天然橡胶            ,ru1905                        ,1647,-282
20190403,13,瑞达期货  ,天然橡胶            ,ru1905                        ,1387,-18
20190403,14,大地期货  ,天然橡胶            ,ru1905                        ,1343,173
20190403,15,广发期货  ,天然橡胶            ,ru1905                        ,1318,-164
20190403,16,格林大华  ,天然橡胶            ,ru1905                        ,1263,-29
20190403,17,浙商期货  ,天然橡胶            ,ru1905                        ,1084,-157
20190403,18,中大期货  ,天然橡胶            ,ru1905                        ,1028,-2
20190403,19,五矿经易  ,天然橡胶            ,ru1905                        ,987,-144
20190403,20,国信期货  ,天然橡胶            ,ru1905                        ,953,118
20190403,999,,天然橡胶            ,ru1905                        ,49420,-6798
20190403,1,中信期货  ,天然橡胶            ,ru1909                        ,14477,-389
20190403,2,海通期货  ,天然橡胶            ,ru1909                        ,13418,-356
20190403,3,国投安信  ,天然橡胶            ,ru1909                        ,9328,1226
20190403,4,永安期货  ,天然橡胶            ,ru1909                        ,8594,110
20190403,5,华泰期货  ,天然橡胶            ,ru1909                        ,8513,556
20190403,6,瑞达期货  ,天然橡胶            ,ru1909                        ,6799,50
20190403,7,国贸期货  ,天然橡胶            ,ru1909                        ,6065,-43
20190403,8,中银国际  ,天然橡胶            ,ru1909                        ,5749,663
20190403,9,大地期货  ,天然橡胶            ,ru1909                        ,5695,1039
20190403,10,国泰君安  ,天然橡胶            ,ru1909                        ,5596,529
20190403,11,南华期货  ,天然橡胶            ,ru1909                        ,5067,-148
20190403,12,东证期货  ,天然橡胶            ,ru1909                        ,4509,-275
20190403,13,银河期货  ,天然橡胶            ,ru1909                        ,3907,-31
20190403,14,中粮期货  ,天然橡胶            ,ru1909                        ,3692,-54
20190403,15,方正中期  ,天然橡胶            ,ru1909                        ,3586,-377
20190403,16,兴证期货  ,天然橡胶            ,ru1909                        ,3532,-567
20190403,17,格林大华  ,天然橡胶            ,ru1909                        ,3143,-5
20190403,18,建信期货  ,天然橡胶            ,ru1909                        ,3033,-511
20190403,19,广发期货  ,天然橡胶            ,ru1909                        ,2623,-227
20190403,20,申万期货  ,天然橡胶            ,ru1909                        ,2540,260
20190403,999,,天然橡胶            ,ru1909                        ,119866,1450
20190403,1,广发期货  ,天然橡胶            ,ru2001                        ,1871,77
20190403,2,国投安信  ,天然橡胶            ,ru2001                        ,1865,-85
20190403,3,中信期货  ,天然橡胶            ,ru2001                        ,1786,-5
20190403,4,海通期货  ,天然橡胶            ,ru2001                        ,1692,215
20190403,5,五矿经易  ,天然橡胶            ,ru2001                        ,1117,0
20190403,6,浙商期货  ,天然橡胶            ,ru2001                        ,1042,161
20190403,7,一德期货  ,天然橡胶            ,ru2001                        ,966,-1
20190403,8,南华期货  ,天然橡胶            ,ru2001                        ,964,0
20190403,9,大地期货  ,天然橡胶            ,ru2001                        ,927,28
20190403,10,光大期货  ,天然橡胶            ,ru2001                        ,899,92
20190403,11,永安期货  ,天然橡胶            ,ru2001                        ,771,-13
20190403,12,瑞龙期货  ,天然橡胶            ,ru2001                        ,641,-37
20190403,13,国泰君安  ,天然橡胶            ,ru2001                        ,633,28
20190403,14,瑞达期货  ,天然橡胶            ,ru2001                        ,600,14
20190403,15,华泰期货  ,天然橡胶            ,ru2001                        ,541,79
20190403,16,银河期货  ,天然橡胶            ,ru2001                        ,515,83
20190403,17,国贸期货  ,天然橡胶            ,ru2001                        ,500,108
20190403,18,新湖期货  ,天然橡胶            ,ru2001                        ,423,-1
20190403,19,中粮期货  ,天然橡胶            ,ru2001                        ,399,2
20190403,20,格林大华  ,天然橡胶            ,ru2001                        ,348,55
20190403,999,,天然橡胶            ,ru2001                        ,18500,800
20190403,-1,期货公司  ,纸浆                ,spall                         ,65471,-2297
20190403,0,非期货公司,纸浆                ,spall                         ,0,0
20190403,1,永安期货  ,纸浆                ,sp1906                        ,7236,286
20190403,2,方正中期  ,纸浆                ,sp1906                        ,4236,-668
20190403,3,国泰君安  ,纸浆                ,sp1906                        ,2855,-3247
20190403,4,中信期货  ,纸浆                ,sp1906                        ,2649,65
20190403,5,信达期货  ,纸浆                ,sp1906                        ,2371,79
20190403,6,国贸期货  ,纸浆                ,sp1906                        ,2361,70
20190403,7,南华期货  ,纸浆                ,sp1906                        ,1825,409
20190403,8,英大期货  ,纸浆                ,sp1906                        ,1362,36
20190403,9,金瑞期货  ,纸浆                ,sp1906                        ,1097,48
20190403,10,平安期货  ,纸浆                ,sp1906                        ,1092,475
20190403,11,华安期货  ,纸浆                ,sp1906                        ,875,342
20190403,12,倍特期货  ,纸浆                ,sp1906                        ,860,143
20190403,13,中粮期货  ,纸浆                ,sp1906                        ,779,87
20190403,14,国投安信  ,纸浆                ,sp1906                        ,760,161
20190403,15,华泰期货  ,纸浆                ,sp1906                        ,759,-63
20190403,16,东航期货  ,纸浆                ,sp1906                        ,754,-524
20190403,17,国海良时  ,纸浆                ,sp1906                        ,743,15
20190403,18,徽商期货  ,纸浆                ,sp1906                        ,733,-166
20190403,19,鲁证期货  ,纸浆                ,sp1906                        ,680,341
20190403,20,兴证期货  ,纸浆                ,sp1906                        ,523,17
20190403,999,,纸浆                ,sp1906                        ,34550,-2094
